1,999,-49.704370526078336
2,999,-52.440412916351086
3,999,-53.177613940979086
4,999,-49.02789621383181
5,999,-52.865257853382595
6,747,59.258139223789826
7,999,-52.591781367335884
8,999,-51.802693273746854
9,999,-50.010572525871936
10,999,-51.49246265188855
11,999,-50.57987010408119
12,999,-53.13998817389391
13,999,-52.23425606554138
14,999,-53.62205199205048
15,999,-52.31537097039558
16,999,-51.552500431210184
17,999,-49.99069129378203
18,999,-52.83655896052973
19,999,-51.328289778490436
20,999,-51.32283360673794
21,999,-52.58739420452686
22,999,-51.08760055725195
23,999,-50.81556993044184
24,999,-51.359515293916985
25,999,-51.49079834814301
26,999,-50.23927716040243
27,999,-51.57959586549691
28,999,-52.27772158640399
29,999,-53.062808016493086
30,999,-51.07709939227393
31,999,-51.428948639839966
32,999,-52.29787439493756
33,999,-51.835300155627785
34,999,-49.700747865656474
35,999,-51.805546498171836
36,999,-50.233133518594094
37,999,-53.37082337669768
38,999,-52.51101075787437
39,999,-51.276179062576915
40,999,-50.313463053377845
41,999,-49.38378537033628
42,999,-52.26989031301532
43,999,-52.1877437040715
44,999,-51.219199101958296
45,999,-52.8216893610549
46,999,-50.85919629787717
47,999,-53.8599154892504
48,999,-53.09310144389746
49,999,-50.777129759088254
50,999,-50.33168518790241
51,546,71.62541932911964
52,999,-49.10657517929999
53,999,-51.738098989837404
54,999,-53.47481533980655
55,999,-50.93550644017035
56,999,-51.48479653118057
57,999,-51.32945002916519
58,999,-50.93092236480172
59,999,-50.92373228602068
60,999,-51.12200137269641
61,999,-52.53832721989779
62,999,-51.03598344866963
63,999,-51.391454108937104
64,999,-52.0630414680735
65,999,-50.3736647786533
66,999,-51.312194411539075
67,999,-51.434844746736786
68,999,-51.787237238433384
69,999,-52.13602143270215
70,999,-51.725291884621264
71,999,-50.36690500558841
72,999,-49.76327199737035
73,999,-52.34159101266549
74,999,-51.55374719942293
75,999,-51.75817346400994
76,999,-53.01870896670229
77,999,-51.86393614808466
78,999,-49.99234595376886
79,999,-49.902988272563945
80,999,-51.40635722970578
81,999,-50.62942594874189
82,851,56.47939893647961
83,999,-50.123716474388075
84,999,-52.29412203605516
85,999,-52.05475453016064
86,999,-52.879842344322505
87,999,-52.880493316779756
88,999,-51.393481521431355
89,999,-50.80012003137859
90,999,-50.131085267043936
91,999,-52.83585515471467
92,999,-51.013399467223415
93,999,-53.40007355038983
94,999,-49.427191444920005
95,999,-50.04838166254612
96,999,-51.46738322561271
97,999,-51.75591556463708
98,999,-50.41295653641204
99,999,-49.67609741659988
100,999,-51.12351546087237
101,999,-50.88642425651569
102,976,48.08263925438704
103,999,-56.070439560155314
104,999,-64.25283640962891
105,999,-68.29991862621573
106,999,-67.51276751028867
107,999,-68.88092558433594
108,999,-67.93702363101256
109,999,-68.86532281473815
110,999,-67.9951294765268
111,999,-65.3254137826303
112,999,-68.61657210408035
113,999,-68.946583509108
114,999,-71.53966729081145
115,999,-66.44707720057038
116,999,-67.0081551479059
117,999,-67.08817499426756
118,999,-69.13341231239102
119,999,-68.42482894168757
120,999,-68.81423886696498
121,999,-67.84266938994477
122,999,-68.84216073046153
123,999,-68.63063069852473
124,999,-69.84640853072048
125,999,-68.92249896937042
126,999,-66.75653631303472
127,999,-62.88577334885461
128,999,-58.9389222119482
129,999,-64.49619776274548
130,999,-63.80426333155214
131,999,-62.37619474617593
132,999,-64.69216354843546
133,999,-63.72659481748953
134,999,-67.49682780362163
135,999,-69.31442350332061
136,999,-67.21305953881706
137,999,-67.28082724770623
138,999,-65.47003265167211
139,999,-67.92224225533666
140,999,-64.10204003243979
141,999,-63.1207275727801
142,999,-65.59271605620812
143,999,-64.31571746199575
144,999,-65.51357234774007
145,999,-64.81403963985555
146,999,-63.01523993104607
147,999,-63.87848363318737
148,999,-64.60374368086678
149,999,-64.1520831646934
150,999,-60.144816377651495
151,999,-60.04202856531045
152,999,-57.10521891618229
153,999,-62.49300236853565
154,999,-56.52128389516476
155,999,-53.45032002396154
156,999,-55.96581570637698
157,999,-61.86435783578668
158,999,-56.0326877198671
159,999,-52.182657818010654
160,999,-54.202004081977016
161,999,-58.028597915579496
162,831,52.417228584675385
163,999,-55.7369523032578
164,999,-53.03380131726749
165,999,-58.15566528643662
166,999,-56.156085802183654
167,999,-55.44858785382097
168,999,-56.40142431478399
169,999,-58.511340377068905
170,730,57.35970450086966
171,999,-51.612649471177036
172,999,-55.55713739172267
173,999,-54.97954306856479
174,999,-51.70418758844872
175,999,-54.12810800846674
176,999,-51.2487109927995
177,999,-55.1890676434982
178,999,-54.77086720881752
179,999,-55.106198113341556
180,999,-53.34911095495228
181,999,-54.129228078357464
182,999,-54.29518434739886
183,999,-52.867570996295385
184,999,-52.528245092690234
185,999,-54.03713562198844
186,999,-53.17805201520932
187,999,-55.683482852776066
188,999,-53.08493010614815
189,999,-54.09125894087832
190,999,-53.331447530862484
191,999,-53.18806054894167
192,999,-55.80654148436475
193,999,-53.711052335163274
194,999,-52.37265898175672
195,999,-51.91882947596665
196,999,-51.643392098167126
197,999,-53.87231253783099
198,999,-54.2884242898738
199,999,-53.78341503266666
200,999,-53.698525478709556
201,999,-51.77231207651886
202,999,-57.806291675812155
203,999,-54.839067346329585
204,999,-54.8203848311785
205,999,-53.671257230522585
206,999,-53.347652841078066
207,999,-54.08428698651956
208,999,-52.59935710559174
209,999,-50.92161626503468
210,999,-55.55409769201349
211,999,-54.04344729226683
212,999,-52.81171678831214
213,999,-54.10615451524486
214,999,-54.347912128379136
215,999,-53.40414098071486
216,999,-55.334576903057574
217,999,-53.08481699758444
218,999,-54.012478821370784
219,999,-53.564393935381865
220,999,-53.75673786603422
221,999,-54.20876348577523
222,999,-51.35162135725379
223,999,-53.816518705952056
224,999,-55.67298091484521
225,999,-54.13643112789482
226,999,-55.478731226797066
227,999,-54.183308139489
228,999,-52.07818427570943
229,999,-54.66929779018104
230,999,-53.76866011839779
231,999,-53.46816502050918
232,999,-53.84735849775351
233,999,-53.65004234561905
234,999,-52.983954639863704
235,999,-52.25908993165215
236,999,-54.455287393268556
237,999,-53.37651815223848
238,999,-51.82951785849167
239,999,-54.45059655219754
240,999,-57.937452241602465
241,999,-51.424305870038935
242,999,-57.02979210251691
243,999,-52.801434198482525
244,999,-53.68367076892043
245,999,-55.17922195950059
246,999,-52.81942204088862
247,999,-53.80634269183527
248,999,-51.17482468232316
249,999,-55.0017473074353
250,999,-55.824523106955475
251,999,-53.556074286143186
252,999,-55.32797345947361
253,999,-54.3680251598503
254,999,-53.457397724233104
255,999,-54.52225367068707
256,999,-52.97692175101119
257,999,-55.835149247424575
258,999,-56.527393026544296
259,999,-55.657989837739855
260,999,-55.74540323095161
261,999,-55.79777757456173
262,999,-51.315670391939186
263,999,-55.71647531890822
264,999,-57.050483271719635
265,999,-52.96667489220892
266,999,-55.381697262150304
267,999,-52.663971978895866
268,999,-54.051514399690824
269,999,-53.94589374758941
270,999,-55.4399852836852
271,999,-52.33117894127418
272,999,-54.05946796033092
273,999,-54.054814988959365
274,999,-53.6503788722173
275,999,-55.014487338156094
276,999,-54.50207698473696
277,999,-53.20856962418124
278,999,-56.137458211362734
279,999,-53.415061984355624
280,999,-52.20994370946529
281,999,-52.133500887502464
282,999,-54.76338603189041
283,999,-52.432745728388426
284,999,-55.120425623158916
285,999,-53.70269561511046
286,999,-54.222959233387066
287,999,-55.497511541803725
288,999,-57.60836629580022
289,999,-54.834440945564
290,999,-54.093189819229956
291,999,-54.77147246442111
292,999,-54.1022101684873
293,999,-54.80827515134613
294,999,-54.18924894936539
295,999,-53.96739148017397
296,999,-54.74573597111668
297,999,-55.09694081411398
298,999,-54.69091907463698
299,999,-54.837703405596116
300,999,-56.77166257763876
301,999,-54.851722145471705
302,999,-53.75788420362226
303,999,-56.33964341698911
304,999,-53.866860912475886
305,999,-53.84210773276779
306,999,-54.983378545962594
307,999,-53.75441971553909
308,999,-54.42660681762881
309,999,-53.26363611386181
310,999,-54.45999471378153
311,999,-55.28962049322931
312,999,-56.129946978918895
313,999,-54.55074467881127
314,999,-53.20599390311636
315,999,-54.81403309954227
316,999,-57.13333434752614
317,999,-54.333003387817726
318,999,-56.46286501284368
319,999,-55.123285365396995
320,999,-56.12790084119677
321,999,-55.072566775791095
322,999,-55.9991105972426
323,999,-55.58449690574178
324,999,-54.95661843489552
325,999,-55.5809665940381
326,784,56.44065000176469
327,793,56.341792033332645
328,999,-54.133808216856735
329,999,-54.8418257095672
330,999,-56.503807065192355
331,999,-56.90373452559741
332,999,-54.6611118373935
333,999,-54.674392648672814
334,999,-53.526919280361355
335,999,-54.13095656688617
336,999,-53.69400089898163
337,999,-53.67444604161232
338,999,-55.00210261407147
339,664,62.578586909532405
340,999,-55.757824751808414
341,971,44.69246455252237
342,999,-55.41981581367765
343,706,59.718610251115805
344,999,-53.74769704883458
345,999,-55.9120534479212
346,999,-55.24893516256592
347,767,52.730782033937814
348,999,-54.62251757451921
349,999,-53.55255609647199
350,999,-53.855741731259954
351,999,-54.47220209933479
352,999,-55.53141510309085
353,928,45.87868174949447
354,999,-54.42638341213756
355,999,-56.2882006089899
356,999,-57.48532589273914
357,594,67.14640414561535
358,999,-55.17955046868842
359,475,73.51714427825772
360,999,-53.651792799806465
361,999,-55.506629042544645
362,999,-53.288240498253245
363,999,-56.39912176626988
364,982,46.46633081409361
365,999,-55.22971536549403
366,893,51.50452972129109
367,999,-55.62938778340062
368,965,46.73900939645659
369,999,-56.99278760498534
370,730,59.64170664199479
371,359,79.391161934458
372,850,52.56237190059243
373,999,-55.9986738407438
374,668,63.168238370675155
375,999,-55.08982044249577
376,706,58.863810115506475
377,999,-54.36039467859214
378,999,-54.221403737688746
379,999,-56.802006403981856
380,999,-57.27009853844141
381,999,-54.83625226955453
382,999,-55.179921216743196
383,999,-57.82609093239665
384,856,54.20922387906414
385,999,-56.63719386556725
386,999,-54.64417922880017
387,999,-57.04959548533411
388,999,-55.260485828583406
389,810,56.77721666627915
390,999,-55.036429396027735
391,537,70.3879315893131
392,596,66.14832497594965
393,615,65.34360034114508
394,999,-54.60727678754898
395,999,-54.03869651973006
396,935,48.81062484187081
397,999,-57.90513690887683
398,455,75.82705816559611
399,946,50.049797059346595
400,733,58.18046097131241
401,999,-54.10737862861402
402,516,71.46144149699951
403,852,53.19637945472866
404,668,63.045222228383295
405,466,73.82477415145108
406,713,61.603712893828536
407,819,52.324049878135405
408,999,-54.608242329819724
409,590,68.3417516594287
410,999,-55.187351507840646
411,793,56.876154145849135
412,754,58.44627996236971
413,999,-54.89919691484205
414,999,-56.216237869399436
415,999,-54.00273259181111
416,856,53.79509810287358
417,828,53.933019754437474
418,674,62.71213316424681
419,867,52.100452066429206
420,816,56.3314784720237
421,999,-53.810917418438684
422,656,62.58171989334711
423,999,-53.56027898418329
424,999,-54.92495127191369
425,999,-53.85244145535159
426,999,-54.843739389742204
427,999,-53.74763488145774
428,782,55.14569863518686
429,652,64.67277140684143
430,999,-53.553823903938365
431,999,-53.77426499512602
432,999,-56.21940671370539
433,681,62.6547079256215
434,999,-53.93226233709254
435,702,61.97925296492698
436,999,-52.223322788212876
437,999,-52.83971749417943
438,999,-56.27010104099347
439,999,-58.366008617122056
440,999,-54.67530276592007
441,999,-55.7911307299544
442,999,-59.589592845029074
443,999,-57.05580504479282
444,999,-52.3190804117806
445,999,-57.007788901039326
446,999,-54.4313543163545
447,999,-56.49996356049086
448,999,-52.29009186890792
449,999,-56.67365988227727
450,999,-56.64957249980609
451,999,-54.21502390051201
452,999,-55.256796202935035
453,999,-55.126411575410366
454,999,-53.31011148820188
455,999,-58.65795489389088
456,999,-49.278525514480016
457,999,-56.023232715200685
458,999,-52.63450807967879
459,999,-52.46596217638037
460,999,-55.68327840125869
461,999,-53.23020801511136
462,999,-54.649393892873896
463,999,-59.26667873665027
464,999,-52.69960110868004
465,999,-55.70662415848174
466,999,-52.40675626386849
467,999,-53.8528948373531
468,999,-52.869414136499685
469,999,-55.92523080687742
470,999,-54.56186664983286
471,999,-56.18027255454246
472,999,-54.57484452958291
473,999,-53.88837516370641
474,999,-54.02428031726563
475,999,-52.68746974129574
476,999,-53.49804664514962
477,999,-54.38523818020165
478,999,-54.48009208051322
479,999,-54.03246293528431
480,999,-56.81510500905802
481,999,-55.208600830493914
482,999,-54.75095106732295
483,999,-53.06276267340013
484,999,-53.4914364066759
485,999,-52.67838955279311
486,999,-54.35157360901259
487,999,-52.96370245165318
488,999,-54.18812242667616
489,999,-51.4388860753005
490,999,-53.247590183139266
491,999,-52.738874687527975
492,999,-51.9314610006748
493,999,-53.129352468284225
494,999,-52.30942647942424
495,999,-52.349771860689316
496,999,-53.43721845096199
497,999,-51.940140785759866
498,963,49.89197786724844
499,999,-51.847228667459994
500,999,-51.686594723062825
501,999,-51.83586770970541
502,999,-53.05365399559251
503,999,-50.79798323496364
504,999,-53.61690888845414
505,999,-53.00125074627854
506,999,-50.540101427864144
507,999,-51.854271966974544
508,999,-52.02873391566958
509,999,-52.260937316336125
510,999,-52.77964857696839
511,999,-52.00558929274248
512,999,-54.27156411631909
513,999,-51.934741105494645
514,999,-53.85075747014469
515,999,-51.95743380518379
516,999,-52.95038206416742
517,999,-50.41542017532835
518,999,-52.39773807825898
519,999,-53.95522119598918
520,999,-51.08453215716547
521,646,64.87918373364592
522,999,-50.019832887649855
523,999,-52.89920051230634
524,999,-50.186230632494706
525,999,-53.02146903845519
526,999,-54.25095175187675
527,999,-50.66114628343704
528,550,69.11732976463813
529,999,-53.03916010779269
530,999,-51.68707845811167
531,999,-50.74213141030727
532,999,-50.312532884345146
533,999,-54.774554065960054
534,867,55.80439029263214
535,999,-53.80797674579825
536,999,-53.46424927842661
537,999,-51.28739775606977
538,999,-52.524718008352956
539,999,-52.270966385690265
540,999,-51.90459121112257
541,999,-52.46031413885691
542,999,-50.4884162486739
543,999,-53.01415183208266
544,999,-52.31162758678853
545,999,-52.30460194516166
546,999,-51.31396662415812
547,999,-52.32159499254772
548,999,-54.38803085698596
549,999,-51.60370496547425
550,999,-51.24438430219161
551,999,-49.82361158300619
552,999,-50.52050216541994
553,999,-50.63981314226162
554,999,-51.2996903709129
555,999,-52.72357923466776
556,999,-53.46427777964373
557,999,-53.05867759870734
558,999,-51.17603425665997
559,999,-51.69274954928957
560,999,-51.94036536254466
561,999,-49.7965004429839
562,999,-51.64628603349494
563,999,-50.63070140177467
564,999,-49.24007607951408
565,999,-53.53319431125686
566,999,-53.815334179858155
567,999,-53.13348477048459
568,999,-52.09739845904693
569,999,-52.15781544707133
570,999,-50.5038481846874
571,999,-52.47353262099736
572,999,-51.63887300142714
573,999,-53.233781108157544
574,999,-50.982617863753255
575,999,-51.82411949124531
576,999,-53.029729872108355
577,999,-54.15129392164546
578,999,-53.8412567188152
579,999,-53.03150095219234
580,999,-53.007949923704956
581,999,-51.57844627856867
582,999,-51.36103714578198
583,999,-49.497804692943916
584,795,57.719518969075985
585,999,-51.5137117056651
586,999,-52.05107514692483
587,999,-50.35441118455832
588,999,-52.70334239566717
589,999,-50.74353220612289
590,999,-54.475765957898844
591,999,-53.12213103949989
592,850,53.59364234876218
593,999,-48.830034283772875
594,999,-51.715010995012435
595,999,-53.672613306700526
596,999,-50.43154207938463
597,999,-52.83156549165786
598,999,-53.567122123604015
599,999,-50.836982828582286
600,999,-52.486792295339086
601,999,-52.968026673436775
602,999,-53.33808440426091
603,999,-50.340801912708784
604,999,-52.49035775350264
605,999,-51.814107389141796
606,999,-52.770960114915454
607,793,58.36902999845347
608,999,-51.7635656363158
609,999,-50.58064230371451
610,999,-51.73715625599105
611,999,-52.689486827819444
612,999,-52.205614612837124
613,999,-53.29988186414431
614,999,-53.05969669771902
615,999,-52.76389421126048
616,999,-52.17523734487831
617,999,-52.173431988201095
618,999,-52.981987107697535
619,999,-53.36357490485303
620,999,-54.14396973361727
621,999,-51.7353916005468
622,999,-54.29131971099489
623,999,-49.38714769078904
624,999,-49.70167445972803
625,999,-52.45626972513581
626,999,-53.282201224263616
627,999,-53.45997739495689
628,999,-53.01013557422028
629,999,-53.089310494264886
630,999,-55.50390510247245
631,999,-52.32263153928862
632,999,-50.71556661463953
633,999,-51.23881602790527
634,999,-51.9904436104013
635,999,-53.02896660369505
636,999,-54.693946748147454
637,999,-53.41601538274882
638,999,-53.52264228987954
639,999,-52.87280672825834
640,999,-52.75209111446188
641,999,-53.84710058471694
642,999,-53.19593851223704
643,999,-52.33856438354745
644,999,-53.330896128767264
645,999,-53.267328528639695
646,999,-51.741949501399844
647,999,-52.59978373262549
648,999,-50.58781708969438
649,999,-54.458423118976384
650,999,-51.922120024132774
651,999,-55.280412668484935
652,999,-52.31080805921081
653,999,-52.23678780095658
654,999,-52.810576855830554
655,851,54.89102324644316
656,999,-50.9836536223141
657,999,-52.53387408891802
658,999,-53.13626516340613
659,999,-52.95056300777931
660,999,-53.973165492621725
661,999,-53.13033204222935
662,999,-53.02514212583476
663,999,-53.398271390578614
664,999,-51.22932677295964
665,999,-54.10093052230867
666,999,-53.271544198636505
667,999,-52.75773501736728
668,999,-53.72623624377533
669,999,-52.16828458810094
670,999,-53.47975557359253
671,999,-53.765813711831385
672,999,-52.817419663333624
673,999,-53.467138972531245
674,999,-53.97373415195214
675,999,-51.109803105075635
676,486,73.02161119053031
677,999,-51.73763793687338
678,999,-54.656926796715126
679,999,-53.64094460871356
680,999,-53.678081302128106
681,999,-51.56732259872949
682,844,52.69065065007552
683,999,-54.34723162064889
684,999,-56.44725674864408
685,999,-54.63941004753216
686,999,-52.278970715376566
687,999,-54.09279694302605
688,999,-52.34832755491985
689,999,-52.49536073420044
690,999,-55.71252682213239
691,999,-52.85510918794759
692,999,-52.5521665719421
693,546,71.50903882591186
694,862,55.12934131834664
695,999,-50.99343810857664
696,999,-50.86736236878025
697,999,-52.690874930194134
698,999,-53.782032715637165
699,999,-56.33199743537048
700,999,-52.367915969312655
701,999,-52.16687916826334
702,999,-52.51588172139285
703,999,-50.41886730603341
704,999,-53.52793472243709
705,999,-51.321199687996234
706,999,-52.444599060810184
707,999,-56.33373844160435
708,999,-50.35346591204916
709,999,-52.99789855520478
710,999,-53.4308133692097
711,999,-51.52063143059366
712,999,-52.3817597516391
713,999,-53.47432882313652
714,999,-55.57225305037341
715,999,-53.6335284837106
716,999,-53.225406297906865
717,999,-51.90296418841507
718,999,-53.9314864171732
719,999,-54.14644352039718
720,999,-55.305797867721886
721,999,-52.62577909683045
722,999,-52.93638538702198
723,999,-56.28658374855396
724,539,70.61986004107075
725,718,62.87195539106494
726,999,-52.498832427764555
727,999,-52.48055375042433
728,999,-54.434701758685755
729,999,-54.053885206092744
730,999,-54.15279058091071
731,568,70.28395322441837
732,999,-54.69070431927342
733,999,-53.268508292969486
734,999,-52.422332754766714
735,999,-50.76956659208456
736,999,-52.65623074060879
737,999,-55.093501812585316
738,999,-52.88026081589888
739,999,-57.379533125385564
740,999,-55.11294721070546
741,999,-54.31337757411045
742,999,-52.1184412340788
743,999,-54.17372251843471
744,999,-53.97690703110831
745,999,-51.61377511368099
746,999,-52.57220104023515
747,999,-54.83669805081696
748,999,-54.72237085896399
749,999,-53.32429144711771
750,999,-55.315042485861994
751,999,-55.58492223837257
752,999,-52.43781926925598
753,999,-51.97849697669705
754,999,-55.149028759833826
755,999,-57.00794755486124
756,999,-54.8542933698014
757,408,77.89737450839357
758,999,-52.80057065075811
759,999,-54.7005416582978
760,999,-52.551059304890245
761,999,-50.98937116222267
762,975,46.935384006468745
763,999,-54.269450137859884
764,999,-55.82890724335171
765,999,-53.05453033830154
766,999,-52.146570931184684
767,999,-54.06410710574888
768,794,56.56137702729829
769,999,-51.16897037829835
770,999,-51.44756562554404
771,999,-53.98748613259713
772,999,-50.46007784232129
773,999,-52.96049041169755
774,999,-53.18491034276404
775,999,-52.331799620234825
776,999,-55.01698746143144
777,999,-53.256681279786804
778,999,-53.73775813024512
779,812,56.36006228469967
780,999,-53.417743135187884
781,999,-50.748817088259045
782,999,-50.63962363936806
783,999,-50.948116972517184
784,999,-53.72035028204366
785,999,-52.999184997207166
786,999,-53.812870797066054
787,999,-53.80497712436683
788,999,-52.960680875881316
789,999,-51.61275736558701
790,999,-54.428062082799144
791,999,-52.02130376831542
792,999,-52.6750736541934
793,999,-54.363414495742326
794,999,-51.19839576214628
795,316,82.32286245244694
796,999,-51.51406392412892
797,999,-52.132529247680964
798,999,-51.88306134073929
799,999,-54.561591298634994
800,697,63.34299331851252
801,889,53.10127017658965
802,965,49.54770414970813
803,999,-51.091707740020624
804,999,-53.54260516389523
805,999,-53.18924562527347
806,999,-52.11815398462071
807,999,-52.22058518771017
808,999,-53.261785878171615
809,999,-56.87122768677275
810,999,-49.54779140100489
811,999,-53.20550002244614
812,999,-52.180267955466284
813,999,-51.750744132876335
814,999,-53.06699056538693
815,999,-53.78366971157191
816,999,-54.59879146790588
817,900,51.586297259133886
818,999,-52.55168298341267
819,999,-53.78739293450095
820,999,-53.753238116915114
821,999,-51.843688476898755
822,999,-54.07334467239582
823,999,-53.52693215273612
824,999,-54.38580452957166
825,999,-53.291524315752966
826,999,-53.131169593984566
827,552,70.11869215161008
828,999,-55.08676457422425
829,999,-53.30182202420999
830,999,-55.00152396980798
831,999,-53.270870273549214
832,999,-54.08878441584816
833,999,-54.28952513133889
834,999,-54.564636850097976
835,665,64.4487797494219
836,999,-53.17395617494755
837,999,-53.81595320736707
838,999,-52.675694683572154
839,999,-52.70008925988104
840,999,-53.275853599276516
841,999,-54.10925390797121
842,999,-55.45150689150582
843,999,-52.63967893831906
844,999,-54.2670040646484
845,999,-54.706416200575845
846,999,-52.025087586889704
847,798,57.30493538054705
848,999,-52.50767880203965
849,999,-53.184714822348326
850,999,-57.42310141185238
851,999,-51.906678989905885
852,999,-52.8520088773035
853,999,-51.91775868321104
854,940,51.34163401462102
855,999,-53.336829087168546
856,999,-55.46830387482814
857,999,-54.61805202853888
858,999,-54.266999350658736
859,999,-51.420943075522
860,999,-54.77787405434754
861,999,-52.014140958589024
862,999,-56.460302247048695
863,999,-53.32734342233616
864,999,-53.82586358188326
865,999,-53.266415755622695
866,999,-52.53477676896214
867,833,55.29658755231968
868,999,-55.13888572647053
869,999,-52.95263525654287
870,999,-51.87133822301581
871,999,-49.25252169775299
872,999,-53.14251640027134
873,999,-55.13225492708355
874,905,50.57490240843931
875,999,-52.215314563444956
876,999,-52.694974324302905
877,999,-56.80473430416411
878,999,-51.066726328942615
879,999,-55.165727142600026
880,999,-52.418204141125294
881,999,-54.131256165139185
882,999,-54.064209601578725
883,999,-54.101199973811056
884,999,-51.78693003821627
885,999,-50.8918920692738
886,999,-51.68281645087178
887,999,-55.29255223367183
888,999,-51.595612457687025
889,999,-55.007793637915555
890,999,-55.43597111613433
891,999,-55.828188949207615
892,999,-56.00422463577866
893,999,-53.26653996027358
894,512,72.6801033614659
895,999,-56.92298435744532
896,999,-52.7934743522076
897,999,-53.514176203864544
898,999,-53.3582918625089
899,999,-52.682703063684954
900,999,-51.46296762204737
901,999,-54.48123043834461
902,999,-52.93137325954292
903,999,-54.14080627654317
904,999,-54.77209725738106
905,999,-53.84549476308675
906,999,-52.32964800339993
907,999,-51.988205888133976
908,999,-52.75228194836726
909,552,69.88468717913946
910,999,-54.18237996865701
911,999,-53.55858680852717
912,999,-55.728181602271825
913,999,-53.39056613277304
914,999,-51.90740288225053
915,999,-51.99840070413303
916,999,-52.636483675741246
917,999,-54.6370769563133
918,999,-52.32129932285689
919,999,-53.23487219425174
920,999,-54.47912911731224
921,999,-53.844467675669605
922,999,-52.4795007991538
923,960,48.46174492000659
924,962,48.8470253232534
925,999,-52.53479270710833
926,999,-54.808339413962386
927,999,-54.901456601894495
928,999,-51.14475838917231
929,999,-51.86678627002207
930,999,-52.3061007838533
931,999,-55.06636750925968
932,999,-52.573196481354124
933,999,-53.09529085346626
934,999,-55.59754122063088
935,999,-52.23266836740048
936,999,-54.73046297553271
937,999,-51.64026995931202
938,999,-53.96175887163099
939,999,-53.637906511562356
940,999,-54.2976810908259
941,999,-53.007665175775074
942,999,-54.18010340523074
943,999,-50.80857117088318
944,682,63.32133746971404
945,999,-53.05331341523326
946,826,53.13188830354596
947,999,-55.31684453544736
948,999,-53.62501558279631
949,999,-51.085636279151394
950,999,-53.94498473927772
951,999,-53.583508828983085
952,999,-51.4460794576506
953,999,-55.01227168501522
954,999,-54.088406467445225
955,999,-52.41785331897641
956,999,-52.2161506000427
957,999,-51.8093044043168
958,999,-52.90705789934568
959,999,-52.81434157518425
960,999,-53.87770418464192
961,999,-56.0171675784875
962,999,-54.76105728694979
963,598,68.98609476693706
964,999,-50.004114419981235
965,999,-53.103420435477226
966,999,-54.22853279784662
967,999,-52.18328065236544
968,999,-55.53887814798535
969,849,52.48823009752828
970,999,-51.32424791972036
971,999,-52.276842186041875
972,999,-52.009021379446125
973,999,-51.34485860242967
974,999,-55.481487121016634
975,999,-53.28984415626097
976,999,-54.21189503637049
977,999,-53.72323632863035
978,999,-53.447009529190964
979,999,-51.697583481728074
980,999,-52.43516613921429
981,827,54.447265822331566
982,999,-52.372578472876256
983,920,50.5204644492757
984,999,-55.28196295781901
985,999,-53.48764785754457
986,999,-53.000049913835035
987,999,-52.32917811344871
988,999,-53.06083860542161
989,999,-52.674885198294625
990,999,-51.85319488797512
991,999,-54.532497610429004
992,999,-52.98472080744164
993,999,-51.89659797326318
994,999,-53.35352085541542
995,999,-53.55157917204869
996,999,-52.01066880113933
997,999,-55.121112596035886
998,999,-55.51633972802677
999,999,-49.7402014897072
1000,999,-52.10866361575049
1001,995,49.617801635310215
1002,999,-52.34988092774198
1003,999,-52.86547744593345
1004,999,-52.6436974964057
1005,999,-54.346264181041455
1006,999,-54.42541329405915
1007,999,-55.22295712371971
1008,999,-54.63274504615836
1009,999,-52.43298709430991
1010,999,-56.502189540666166
1011,759,60.74574185174389
1012,999,-51.89440922714883
1013,999,-51.90858908747677
1014,999,-53.94712459172357
1015,999,-53.42051711124244
1016,690,63.32046746296918
1017,893,52.16799627094982
1018,999,-51.967935072003165
1019,999,-51.921349155936355
1020,999,-54.72066456357918
1021,999,-52.03299548125787
1022,999,-54.82442912010618
1023,999,-48.75615926759285
1024,999,-52.20808587457362
1025,999,-53.450675726778826
1026,999,-53.852670486985005
1027,727,62.47366813500528
1028,999,-52.19650234166334
1029,999,-53.90827746613397
1030,999,-52.42308437727556
1031,999,-52.17855309592073
1032,999,-53.806777764864876
1033,999,-52.28895271638333
1034,602,68.6541898187964
1035,999,-53.97658978310545
1036,999,-53.44672997086873
1037,907,51.10281873383004
1038,999,-52.13726219925308
1039,999,-55.096470955443046
1040,999,-51.6601064212561
1041,999,-53.477880562388854
1042,999,-54.4968371615035
1043,999,-51.591528109807
1044,999,-51.936714887651206
1045,999,-51.874595434297746
1046,999,-53.44585124659339
1047,999,-53.20837138282612
1048,999,-50.98308451399529
1049,999,-51.170176928433655
1050,939,49.221599638617974
1051,999,-51.12556315304172
1052,999,-51.36354416205047
1053,999,-52.45222303047538
1054,999,-52.23104661355425
1055,999,-53.93019433385
1056,999,-53.49632205914619
1057,999,-52.8148684902396
1058,999,-52.8577897338152
1059,999,-52.386991035197155
1060,999,-56.17282619725908
1061,999,-53.644226364865645
1062,999,-52.1998131638173
1063,999,-51.21172050856463
1064,999,-51.46313482816162
1065,814,55.19443904360999
1066,999,-51.27575508153853
1067,999,-51.335518081682615
1068,968,48.541184682346454
1069,902,51.63954480048331
1070,999,-52.94239982016554
1071,999,-54.78901847634808
1072,999,-53.56029293738673
1073,999,-50.30472502325091
1074,999,-54.20764054098166
1075,999,-52.69720796184279
1076,889,54.08686542319139
1077,999,-53.39541954437531
1078,544,71.04224142032231
1079,999,-53.974887030914026
1080,999,-52.39239416429913
1081,581,68.89791587993003
1082,999,-52.21719879855133
1083,999,-49.990885753528666
1084,999,-51.01245780055246
1085,999,-52.8821573955412
1086,798,57.38431667744224
1087,999,-52.9619209424689
1088,999,-52.13115947647608
1089,999,-51.32868054540389
1090,999,-54.01963273795126
1091,999,-53.50532771750574
1092,999,-53.3576483816922
1093,999,-54.06482649927659
1094,999,-50.52668069065402
1095,999,-51.253118592107974
1096,999,-52.62251089828664
1097,999,-50.077797270779094
1098,571,68.34070211846495
1099,999,-54.02160534171417
1100,999,-52.97651820368736
1101,999,-53.331316468529344
1102,999,-51.56621799284764
1103,999,-53.06405423798617
1104,999,-52.60735236581832
1105,523,72.77001892773261
1106,999,-55.34032759467654
1107,999,-51.42228200540413
1108,991,49.36256579030777
1109,999,-51.63552789377645
1110,999,-52.0011473785087
1111,949,48.04446508610067
1112,999,-54.52092243540894
1113,999,-50.28770054575432
1114,847,53.82560470084117
1115,999,-51.16994172420554
1116,999,-55.07017102054998
1117,707,62.43853393869122
1118,999,-52.61757894796594
1119,999,-51.202742429119034
1120,999,-51.554873135919756
1121,973,50.200073246226474
1122,999,-52.93990537652277
1123,999,-52.81763584486071
1124,999,-52.25375610416988
1125,725,61.57323730671588
1126,999,-53.69911257146507
1127,999,-50.741621216442965
1128,999,-51.86846517477462
1129,999,-51.0115473306142
1130,928,49.13930764356452
1131,609,67.72736437848425
1132,725,62.00516248255957
1133,999,-52.03125283321352
1134,999,-51.467740974664345
1135,999,-49.925280686185225
1136,652,65.18265416543011
1137,999,-54.14709670635474
1138,999,-49.43255632330075
1139,999,-53.275296940552614
1140,999,-51.145473389598806
1141,999,-53.51534406496839
1142,824,56.34311094358954
1143,999,-51.868677762346394
1144,999,-51.756699581871636
1145,999,-50.635493040053994
1146,999,-52.67181438072591
1147,999,-53.23158920806909
1148,917,50.45731688911972
1149,999,-54.384962210758474
1150,784,56.647955127509995
1151,999,-49.821159586512806
1152,999,-51.21394680287611
1153,999,-50.5162374524768
1154,999,-51.570936813160664
1155,999,-51.41814815093685
1156,999,-51.91702349892244
1157,923,50.44885111662255
1158,999,-52.82160308498204
1159,999,-52.03653263212347
1160,999,-53.37965290547838
1161,999,-51.86298862791457
1162,999,-51.727937913584064
1163,999,-52.15873402205974
1164,999,-52.12876996964753
1165,999,-52.967734826122786
1166,999,-52.78819009513309
1167,999,-52.09914468688798
1168,999,-51.609780474576155
1169,999,-53.886562359290046
1170,999,-54.59527735243907
1171,999,-51.834911118250524
1172,999,-50.79018273898908
1173,999,-48.91404382656177
1174,999,-51.4193577112428
1175,999,-51.119595437674384
1176,915,52.340178461147886
1177,753,59.65151230678682
1178,999,-50.24925482561033
1179,999,-51.661519629216315
1180,999,-52.584566383693115
1181,999,-53.42326100199066
1182,999,-51.739761605979155
1183,999,-53.795382066983024
1184,999,-51.0323155204304
1185,828,53.57155741601764
1186,999,-53.163654728352896
1187,999,-51.66953191231049
1188,647,64.75321562242749
1189,999,-51.416934860558825
1190,999,-50.2102582867619
1191,999,-48.96808839939206
1192,999,-51.14489391742601
1193,999,-52.52899050034128
1194,999,-52.3736505527079
1195,860,54.91565096629358
1196,935,46.90684167210753
1197,999,-55.462065581622376
1198,999,-49.04573731109885
1199,999,-50.95161421053262
1200,999,-50.056600445181154
1201,999,-50.66455842207056
1202,999,-51.41763893407728
1203,999,-52.27995544629103
1204,999,-50.71462668623144
1205,999,-51.43072574744782
1206,999,-52.19352899277978
1207,999,-49.28460647061724
1208,999,-50.91306917599959
1209,493,73.94396965352777
1210,578,69.78275943447646
1211,672,66.43577318764733
1212,999,-52.25376566853211
1213,999,-51.14086235642835
1214,999,-52.31817825743154
1215,864,54.12304678052487
1216,999,-51.263034849835776
1217,999,-52.26326858907885
1218,999,-50.915375306371836
1219,744,60.94951259772283
1220,822,56.27630234099714
1221,999,-53.33751979028226
1222,860,52.016848852946886
1223,999,-52.80843622078379
1224,999,-51.85141218460338
1225,904,52.05360508162039
1226,999,-50.737902669596046
1227,999,-53.65329907791429
1228,999,-51.78199465428538
1229,999,-54.198908585842425
1230,999,-53.61501850340253
1231,999,-51.114163077003276
1232,999,-50.88807035410485
1233,999,-54.05370204248875
1234,881,54.76856262155767
1235,999,-53.97075209502184
1236,999,-53.11746451653442
1237,742,61.96911254323063
1238,999,-50.5697221394591
1239,999,-51.562105431588
1240,850,54.80159793106861
1241,999,-54.803641259842465
1242,999,-52.47688427946353
1243,760,58.20828955010415
1244,999,-51.98658923875949
1245,999,-54.31862628945102
1246,999,-52.046635102878646
1247,904,50.66961623240805
1248,958,48.812898896028926
1249,999,-51.413910114846345
1250,999,-51.34333801981193
1251,999,-53.51857720582925
1252,999,-53.50462732827472
1253,999,-52.077926140142125
1254,795,58.01861463483977
1255,767,59.83188977416159
1256,999,-53.29865471931651
1257,999,-53.60881959898996
1258,999,-49.14288471395627
1259,505,72.76314762061006
1260,928,50.857124464587415
1261,769,59.56048738986675
1262,999,-53.05628222709561
1263,999,-54.338569983419234
1264,779,57.42478684219502
1265,999,-53.2692005236255
1266,999,-53.827361384542506
1267,567,70.62828453505153
1268,999,-53.27702654367264
1269,999,-52.727216726268274
1270,999,-52.45789688717955
1271,999,-54.288785965394375
1272,999,-54.774906059497106
1273,999,-52.6085563647746
1274,999,-53.33024466183178
1275,999,-50.75079205208839
1276,915,51.7485152168993
1277,999,-52.83134964301183
1278,453,75.69459224952904
1279,999,-54.446867612754545
1280,999,-52.44463645546029
1281,999,-53.90896153635516
1282,913,52.89510107078406
1283,755,60.14697945668614
1284,999,-54.704267601479565
1285,830,56.097848294345546
1286,999,-56.994806125596725
1287,999,-53.298618644226586
1288,999,-53.836171088887475
1289,999,-52.61884665935138
1290,999,-53.00841932964563
1291,999,-51.716720313741696
1292,999,-53.491815102894144
1293,999,-51.7685240643356
1294,804,58.345857821030975
1295,999,-52.05754656741372
1296,542,70.66910956169015
1297,643,67.88580350535909
1298,933,50.16188523642884
1299,949,49.53922264062286
1300,636,65.68188121983749
1301,999,-52.87253065893927
1302,999,-51.57306015015038
1303,698,62.35930545094229
1304,388,77.88225649308194
1305,999,-51.58743723683182
1306,999,-53.3535219443715
1307,423,77.06567206505251
1308,498,73.41921446901327
1309,999,-53.95505142883389
1310,999,-53.557245768845945
1311,999,-51.85462014997856
1312,999,-51.38584703842694
1313,999,-53.91602430304279
1314,999,-54.92945428326557
1315,999,-51.06481763783768
1316,999,-52.63166273224411
1317,999,-52.50065743487124
1318,778,59.41570459472553
1319,999,-51.85030979196977
1320,634,66.20727776629653
1321,749,59.77567605004081
1322,784,60.13899177384845
1323,505,72.39772508374664
1324,999,-51.25507578643226
1325,535,71.61850387415919
1326,999,-51.53487141787036
1327,999,-52.28209026273954
1328,999,-52.11318010231451
1329,999,-54.32489204755456
1330,999,-52.42610462000115
1331,535,72.36894862219575
1332,999,-52.62050539359932
1333,999,-48.89801919144663
1334,999,-53.7306717724563
1335,883,53.81957641005647
1336,999,-52.1726340350173
1337,999,-49.15667982315443
1338,999,-50.83409261165582
1339,893,52.21488148742571
1340,999,-52.418531622206665
1341,875,53.628833871516015
1342,802,56.98490509783748
1343,701,64.57465399240077
1344,999,-53.39478357307726
1345,999,-50.390060295623385
1346,999,-52.74370603987154
1347,818,55.68785969666558
1348,999,-51.255052125392474
1349,999,-52.23911048489452
1350,999,-51.69600087236171
1351,328,81.97661034146314
1352,999,-51.221678066772704
1353,999,-51.53785600063849
1354,999,-52.88978905359292
1355,700,61.68276311059849
1356,999,-51.27640027957238
1357,999,-55.910906324597086
1358,906,52.65853482989323
1359,999,-50.93724764516341
1360,999,-52.758369475370465
1361,999,-51.80225645535126
1362,999,-50.17523969705499
1363,999,-52.97726216322787
1364,999,-52.48762780618233
1365,999,-51.96233897314967
1366,999,-54.33348753473176
1367,999,-51.623150643828794
1368,592,68.83251200029056
1369,999,-52.730233409937355
1370,999,-51.31135085229903
1371,996,47.58628790475042
1372,999,-51.01225114596586
1373,999,-50.95957015000076
1374,999,-53.14422772221169
1375,999,-51.35026789061407
1376,999,-53.80993998076449
1377,883,54.565393009620266
1378,999,-52.12560259695419
1379,408,78.13017789935182
1380,999,-52.65733536974477
1381,999,-52.27327749327645
1382,999,-50.51488577471518
1383,999,-52.03385975344606
1384,999,-52.586280881264265
1385,719,60.96482706179907
1386,999,-53.85649918477277
1387,999,-53.21225635824337
1388,999,-55.95286863288034
1389,533,71.15709716574044
1390,999,-51.06878658109023
1391,411,77.58887918330885
1392,991,48.34640601259796
1393,999,-54.350038987871365
1394,999,-52.7605880236221
1395,999,-52.64952852974364
1396,999,-52.31590392207986
1397,587,69.57712466610754
1398,999,-52.66487344871425
1399,552,71.26989404907238
1400,999,-51.67699825523771
1401,994,45.738008315634744
1402,999,-52.26208253284283
1403,595,68.5202297303442
1404,999,-51.75592564229852
1405,999,-49.37000368507372
1406,844,54.93785039770509
1407,999,-54.95242832144
1408,999,-53.1562296128351
1409,999,-50.226523950277496
1410,999,-52.210335391848936
1411,760,56.18695935826688
1412,999,-55.14965564873218
1413,896,53.90836134646787
1414,999,-54.078228648212644
1415,999,-52.68544950328557
1416,999,-53.25413920083822
1417,446,76.28972249585274
1418,699,61.574582283051505
1419,675,62.591115124150214
1420,999,-51.579544980384135
1421,999,-49.71748671068429
1422,999,-53.43926102739854
1423,840,57.458309166508606
1424,999,-52.30170178973014
1425,999,-51.88640062093833
1426,999,-50.29343057561236
1427,998,47.19715198858703
1428,999,-53.98620300414713
1429,999,-53.20918700008527
1430,999,-54.27692775692505
1431,706,61.13482127693606
1432,551,68.98644751103699
1433,999,-51.79805790377006
1434,999,-52.82340532507739
1435,999,-54.46827417103727
1436,999,-52.18423133821291
1437,999,-52.33890027769357
1438,999,-49.663051971263705
1439,999,-51.2213895329272
1440,999,-54.00237209657318
1441,999,-53.83708538943537
1442,999,-53.51860048844472
1443,999,-51.854717125518526
1444,721,62.172696055837214
1445,999,-53.49227904442304
1446,999,-49.84221887185484
1447,999,-53.89857118814847
1448,979,45.51477287819214
1449,999,-53.46420176737277
1450,999,-53.81716983698315
1451,999,-50.13236817041254
1452,999,-50.15810871880957
1453,999,-53.09186484326816
1454,999,-53.94227553399518
1455,999,-50.58658666098037
1456,982,47.70694489573122
1457,760,59.35496351680215
1458,999,-53.88962048112157
1459,999,-50.62311677401353
1460,966,48.36297814488632
1461,655,63.878547560748196
1462,999,-52.9346791244408
1463,999,-51.03442696783496
1464,999,-53.457896843276885
1465,999,-52.31089462022014
1466,999,-51.210716096043555
1467,999,-53.18860336146471
1468,999,-53.3588302066638
1469,999,-53.4072617156756
1470,999,-51.513447847881295
1471,999,-51.22670904753189
1472,999,-54.19125042715283
1473,999,-51.14815670844402
1474,999,-56.11488094080746
1475,999,-54.75333594901613
1476,999,-51.97763695997601
1477,999,-54.931217869006865
1478,999,-51.15372311871017
1479,736,59.58448211520457
1480,999,-52.39482702133056
1481,999,-49.78456771851298
1482,999,-52.391763179874204
1483,604,68.70758682184368
1484,999,-52.57251724205239
1485,999,-50.929917501993714
1486,999,-51.81663749421048
1487,999,-51.74233465399089
1488,999,-50.06090752386758
1489,999,-54.03601488854688
1490,999,-48.46379041364627
1491,999,-56.063527305231126
1492,999,-54.43951947148205
1493,999,-52.178397035018065
1494,999,-50.73993634705942
1495,999,-52.619566669135665
1496,879,50.72280844827802
1497,999,-49.81469216293966
1498,999,-52.77975088237523
1499,999,-50.15564225889638
1500,999,-53.568833353549735
1501,999,-51.11255923494442
1502,999,-51.82105973210314
1503,999,-50.77178231138675
1504,897,50.3994671056898
1505,999,-51.894175169876235
1506,642,66.7411635058863
1507,999,-50.7506794387432
1508,999,-53.278973346655945
1509,999,-52.005635238353825
1510,999,-50.312055761776264
1511,999,-51.528389782069844
1512,999,-51.96596443323045
1513,999,-53.160542561166125
1514,999,-53.77292974105181
1515,999,-53.33779009164116
1516,999,-49.63900568411239
1517,999,-51.87990692615147
1518,999,-52.39770127896635
1519,937,51.013633043297204
1520,999,-52.9530820708658
1521,999,-53.38433019280326
1522,999,-51.01848014174837
1523,999,-50.14340893615222
1524,999,-52.274382962928115
1525,999,-51.692413920833744
1526,999,-53.345030633175185
1527,999,-51.31093074066124
1528,920,50.22766074239117
1529,593,69.69930900715406
1530,999,-53.601166944227
1531,999,-51.92073756789219
1532,999,-51.54003844361634
1533,984,48.399292995660915
1534,999,-51.22771650467587
1535,999,-50.70494028918395
1536,999,-52.42563634940708
1537,851,53.55204148268485
1538,999,-49.902624358413945
1539,999,-49.37499196555421
1540,876,51.28553773262864
1541,999,-54.18700542003035
1542,999,-53.32873395261036
1543,999,-51.1888161460798
1544,999,-53.37507526679084
1545,999,-54.062042370395666
1546,683,62.75217825277068
1547,999,-52.29742994443346
1548,999,-52.18342052524964
1549,936,47.85834478728618
1550,999,-53.41602119241537
1551,959,47.69628682702942
1552,999,-53.32201091692546
1553,455,75.69881519564517
1554,999,-54.185732174226814
1555,999,-52.467916480434475
1556,863,54.83438635607622
1557,999,-51.40534982154034
1558,835,54.91756699227019
1559,999,-53.2256065670665
1560,999,-53.47118210838828
1561,999,-53.6969536543388
1562,999,-49.6186721253592
1563,999,-52.61026626944296
1564,473,75.77631197593224
1565,999,-51.84285145849468
1566,999,-51.7653250530713
1567,999,-52.720257743673635
1568,999,-50.30554168857269
1569,999,-52.125314176184695
1570,873,54.963894888224615
1571,999,-52.89575728538694
1572,999,-52.38786829639951
1573,999,-51.4119091050238
1574,740,62.0207892720569
1575,999,-50.34243978480135
1576,999,-50.65723562183716
1577,999,-50.694590982429496
1578,999,-50.93123899679062
1579,999,-50.567570923425436
1580,999,-51.301096694170894
1581,999,-51.93448949591199
1582,999,-51.82138641781392
1583,999,-50.71501025096649
1584,999,-54.27382477901919
1585,971,48.97302525983228
1586,999,-53.44246003439462
1587,999,-54.02420064187351
1588,999,-52.494442399984884
1589,999,-52.48873245576319
1590,906,52.132939589267345
1591,816,58.006349092674334
1592,999,-55.09672763682705
1593,999,-53.3760877434846
1594,999,-52.749623588856274
1595,999,-53.10252487134155
1596,999,-52.72422090408312
1597,999,-52.44837901761914
1598,999,-51.98656683981516
1599,999,-53.4160801397342
1600,999,-52.17146826505776
1601,957,48.59001174661148
1602,999,-52.40206248520395
1603,999,-50.809204602259754
1604,999,-51.83510441729829
1605,999,-51.63840427145557
1606,999,-50.4043344967913
1607,999,-51.52721382016832
1608,999,-52.808345383858686
1609,999,-50.82059370383157
1610,999,-50.245253411041524
1611,999,-49.38044155826079
1612,898,53.98952469027506
1613,999,-54.26202440293481
1614,999,-54.36498348037914
1615,999,-53.24221041254899
1616,999,-51.08993723920027
1617,999,-49.716409645049815
1618,999,-49.24559259831826
1619,999,-49.884715587980644
1620,999,-52.535648834587114
1621,999,-52.94147111065494
1622,999,-49.18384064219605
1623,698,60.49230204634262
1624,622,66.51424865137867
1625,618,66.32174514505053
1626,999,-50.41894731467777
1627,999,-52.35809317172354
1628,999,-53.83123731710339
1629,999,-52.91778302534782
1630,999,-52.93134689256088
1631,995,46.20169368638537
1632,999,-52.73312457617322
1633,869,54.467489494680756
1634,999,-52.14412199088378
1635,999,-49.2910456327875
1636,999,-53.8909068908445
1637,999,-49.67161032285899
1638,923,50.52336494237503
1639,999,-51.69198517063579
1640,999,-55.683867327404236
1641,999,-51.533196621038414
1642,999,-51.793428643626456
1643,999,-52.721299847116185
1644,999,-52.154854639106084
1645,999,-53.84382791410815
1646,999,-54.24350329742049
1647,999,-51.74685897917092
1648,999,-53.87015373842154
1649,592,69.6378428074828
1650,999,-52.05851584834917
1651,999,-53.04549095361366
1652,324,82.68932609681367
1653,999,-53.13198428377024
1654,525,71.1618250981794
1655,999,-50.61672338035881
1656,999,-54.2540792062605
1657,919,50.38930318004057
1658,999,-53.047435222671766
1659,592,66.4651595390972
1660,999,-54.28279503730547
1661,999,-52.08441115712199
1662,999,-51.718896366043225
1663,999,-53.58809781232061
1664,999,-53.77621520947863
1665,999,-52.14016890372199
1666,999,-53.18678433201859
1667,999,-51.12437546114569
1668,999,-53.61385545625142
1669,999,-51.352803016251016
1670,999,-50.44368904440338
1671,999,-50.84856716437809
1672,999,-52.28475741316614
1673,999,-53.34354168210465
1674,999,-51.3962476179677
1675,999,-52.15244102501539
1676,999,-51.04699844193247
1677,999,-51.19300986371671
1678,999,-52.56807406976685
1679,999,-51.691425370382944
1680,999,-51.83584301383615
1681,999,-52.74512698994649
1682,999,-50.01502567624059
1683,999,-51.85164732348234
1684,999,-49.433465673526285
1685,999,-51.19752055533566
1686,670,63.77385814661936
1687,999,-51.85455493547925
1688,815,56.84944625395967
1689,999,-51.385252122118246
1690,999,-51.218298779272104
1691,999,-54.17204363264097
1692,999,-54.06673734489743
1693,999,-52.00295517439584
1694,999,-52.22161356409025
1695,999,-53.248084788141604
1696,999,-51.04237083089171
1697,999,-51.6910863035917
1698,999,-52.63876174528792
1699,999,-52.270016494499295
1700,999,-53.5140370322965
1701,750,57.18516226412029
1702,999,-51.10886056452961
1703,999,-49.16820364481178
1704,999,-52.14115480481913
1705,999,-52.25665356203301
1706,999,-51.5185287158088
1707,999,-52.73868389737801
1708,999,-52.99391283691916
1709,999,-54.107290741773475
1710,805,56.16708370513797
1711,999,-51.46154531430295
1712,999,-53.58902587596979
1713,999,-53.32602271295565
1714,999,-54.00331188288711
1715,999,-54.40033566147259
1716,999,-52.26314740716964
1717,999,-51.802002046215044
1718,999,-51.28448830255484
1719,999,-53.77449026370716
1720,999,-53.11061849003712
1721,999,-54.03552119202195
1722,999,-52.219274390954155
1723,999,-52.18576495042426
1724,901,52.15036208634232
1725,999,-52.98494159070231
1726,999,-51.782152236329814
1727,999,-52.842299194389
1728,999,-54.15913584443339
1729,999,-49.78874573142078
1730,999,-52.35339748128637
1731,999,-52.83592922539518
1732,999,-51.821991199248146
1733,999,-52.11444269995425
1734,999,-50.656631046364446
1735,999,-53.249154640390174
1736,999,-49.84215210868296
1737,735,59.71567729430192
1738,999,-51.05019956275383
1739,999,-52.325336717556375
1740,999,-53.021414507838
1741,999,-50.60791234797877
1742,999,-52.699498929905936
1743,999,-51.70672706173743
1744,999,-52.518630669179146
1745,999,-51.831877528402536
1746,999,-52.179256372485185
1747,999,-51.022811650327135
1748,999,-49.512975118650104
1749,999,-54.87120850729653
1750,999,-53.63079200156212
1751,999,-50.43903616481154
1752,999,-51.215120147498006
1753,999,-51.65687108670399
1754,999,-52.755909938979926
1755,999,-49.23109793444701
1756,999,-52.36777544959347
1757,999,-51.6606497859031
1758,999,-53.31280873122974
1759,999,-53.450539491437524
1760,661,65.31013628758535
1761,999,-51.25619099596919
1762,999,-49.32962003885729
1763,999,-53.607037952616515
1764,999,-50.946641566979665
1765,999,-54.123680644403194
1766,999,-51.71622837385599
1767,999,-52.34947234463156
1768,999,-52.66540373435109
1769,999,-51.42353353659065
1770,999,-53.18915885920337
1771,999,-53.705935779783964
1772,999,-50.772025450184245
1773,984,49.26341853536277
1774,999,-53.33237741010011
1775,999,-51.8539788188047
1776,999,-53.38258595453085
1777,999,-53.139644371829554
1778,999,-49.81200501238634
1779,999,-54.15225323015327
1780,999,-52.58551329683188
1781,999,-52.846824791139404
1782,999,-53.26742725952093
1783,999,-53.570300759229085
1784,999,-53.869432640366256
1785,999,-54.31658751698522
1786,999,-51.8627471422633
1787,999,-52.92751651141009
1788,765,59.53280432330529
1789,999,-52.898852892594775
1790,999,-54.43813101497866
1791,999,-55.169519933685606
1792,999,-53.158567336190345
1793,732,61.718926218445404
1794,999,-54.563850317024354
1795,999,-50.28340621182275
1796,999,-50.957727264280116
1797,999,-52.85253434677158
1798,999,-52.0076859889729
1799,999,-51.59725138969362
1800,999,-53.787626065739914
1801,757,57.86880954401567
1802,999,-54.419660696557784
1803,999,-52.03080918830218
1804,999,-52.47712129128015
1805,999,-52.64228838141792
1806,463,75.94516174995624
1807,999,-50.07746226462934
1808,999,-51.88194516968699
1809,999,-52.44982806757628
1810,999,-50.871986750683476
1811,999,-52.0871665346792
1812,999,-53.66005768581859
1813,999,-51.493833342861976
1814,999,-52.702999893420795
1815,999,-53.07912381734002
1816,999,-53.090812218876216
1817,974,48.08335851261377
1818,999,-50.02916384623619
1819,999,-49.45917894182802
1820,999,-51.60989080706434
1821,939,50.59137944486778
1822,999,-51.791882015475394
1823,999,-53.62875096668431
1824,999,-52.135336334930095
1825,999,-54.26607546758778
1826,999,-51.219348975374295
1827,999,-54.268937747698466
1828,999,-51.30694261607033
1829,999,-50.90097840072539
1830,999,-51.86857594946809
1831,969,49.92063286815781
1832,999,-52.01712643468013
1833,999,-53.96149996743055
1834,999,-54.08093820917927
1835,999,-53.19208109343212
1836,999,-53.19466052103985
1837,999,-56.051612086286966
1838,999,-53.95618697756578
1839,999,-54.02847160720838
1840,999,-51.07161834866955
1841,999,-51.282195185892085
1842,999,-51.53512554233712
1843,999,-52.221046317680965
1844,999,-50.518115393431444
1845,999,-51.67382646495333
1846,999,-51.52190671331386
1847,999,-52.370758621278796
1848,999,-52.25807021082488
1849,999,-51.799740555551764
1850,999,-52.77576926686888
1851,999,-53.59910430709201
1852,999,-52.3152562109881
1853,999,-54.94833773154428
1854,999,-54.043713304291124
1855,999,-52.296078694571364
1856,999,-51.7848300713903
1857,807,57.16758013961242
1858,999,-53.913513197103676
1859,999,-48.43181908827316
1860,999,-54.03169876974261
1861,999,-53.28949578327121
1862,999,-52.06966730120271
1863,999,-50.6082341848841
1864,999,-51.86267466096591
1865,588,69.74639110114417
1866,483,74.70458621351739
1867,999,-52.486286371570195
1868,999,-52.68046837472459
1869,999,-52.12487843199349
1870,755,60.80689360413442
1871,999,-50.37681980231244
1872,999,-55.59878720606947
1873,838,54.31043637563657
1874,999,-53.164581703161296
1875,999,-53.83190586105314
1876,999,-50.23911223846981
1877,999,-51.23414078608437
1878,999,-50.95774598935514
1879,999,-50.64169598098963
1880,999,-54.83152041082225
1881,999,-55.050893732459535
1882,607,66.6062180296104
1883,999,-52.52195890025437
1884,999,-55.67131562775233
1885,999,-51.7707348432037
1886,999,-55.373484355377364
1887,718,63.608852305079935
1888,999,-53.827976293744726
1889,999,-52.37913913155104
1890,999,-51.66465668614912
1891,999,-51.02839331603951
1892,999,-50.24137271925009
1893,999,-51.14925492502587
1894,984,47.17714000947717
1895,999,-51.24011406475794
1896,999,-55.34515302473819
1897,999,-52.96036176706138
1898,865,55.6257742750984
1899,999,-52.06547000945036
1900,999,-51.71045288651584
1901,999,-51.09209707679066
1902,999,-51.82409119127848
1903,999,-50.888315667175725
1904,999,-50.14781829351065
1905,999,-51.05195170058306
1906,999,-52.52030431195441
1907,999,-52.908132181394876
1908,999,-55.1658319842141
1909,999,-51.31762614206042
1910,999,-53.44806630742869
1911,999,-54.2181442677967
1912,999,-49.54435181872159
1913,999,-51.127959684876224
1914,791,57.25981293126803
1915,999,-52.618531943868966
1916,792,56.22866702199941
1917,607,68.05283094796236
1918,999,-49.09641618131821
1919,999,-53.041358071679745
1920,999,-52.885305962192874
1921,690,63.7917022648691
1922,999,-51.830737561424286
1923,999,-50.738163099258905
1924,999,-52.39916085577432
1925,999,-54.017402079294534
1926,999,-53.120425731835404
1927,788,58.80214811265778
1928,999,-53.74387855608013
1929,999,-50.831083422666744
1930,999,-51.67638088876009
1931,999,-50.6670176769446
1932,999,-49.79669292887482
1933,648,65.71169005396834
1934,999,-51.80130909304497
1935,822,53.16165552745745
1936,999,-50.8867392121274
1937,999,-53.40744545106325
1938,999,-50.50233070147988
1939,834,54.62413028607088
1940,999,-51.05040239816014
1941,999,-52.30863442353586
1942,999,-53.987947540015746
1943,999,-53.83423141578465
1944,552,70.53211801549905
1945,999,-50.71232788355805
1946,635,66.59580461164654
1947,999,-52.81413943916582
1948,999,-51.44122838315376
1949,999,-51.364091474861254
1950,885,52.97843904918892
1951,999,-53.851713311939704
1952,999,-55.34057296701821
1953,999,-49.84908658223267
1954,999,-51.07730360095946
1955,999,-52.85055528978791
1956,999,-52.47125110869697
1957,999,-52.507147613168755
1958,999,-48.91533657611218
1959,999,-52.75086451091436
1960,999,-54.951587426195104
1961,999,-52.61219770857316
1962,999,-53.344447083994815
1963,999,-50.488684271795556
1964,999,-51.11066317725148
1965,999,-48.48803527261159
1966,999,-52.28211608104828
1967,999,-52.97094447059981
1968,999,-54.12407930713107
1969,999,-52.697104063148934
1970,744,60.393767592907196
1971,999,-50.83032865608306
1972,999,-51.54682655683483
1973,999,-52.76100872295388
1974,557,68.24586655204214
1975,823,57.27293560958237
1976,999,-52.07645575264445
1977,755,59.98284770558783
1978,999,-53.381221032857184
1979,736,62.20585916730553
1980,999,-54.53532398462779
1981,745,59.53598469534294
1982,386,79.21793780376964
1983,999,-52.88839492834028
1984,999,-53.333364742084406
1985,999,-51.02303287589039
1986,999,-50.57271104051963
1987,999,-52.78741546068265
1988,999,-51.01091868995449
1989,999,-52.92930833920457
1990,999,-52.134601885822114
1991,999,-51.24455888437343
1992,530,70.52025718787948
1993,999,-52.290248097082326
1994,999,-54.407680520703856
1995,999,-52.24711812166839
1996,999,-52.44854393197343
1997,999,-50.91569492059209
1998,667,64.53680811755873
1999,999,-50.799924912953585
2000,999,-52.18622569562748
2001,999,-50.44091765108789
2002,546,71.21625364250828
2003,999,-53.361118825688095
2004,999,-49.567256042368456
2005,999,-51.97340384737016
2006,999,-50.655430285982575
2007,999,-51.927386963296094
2008,999,-53.852958917979436
2009,999,-57.1930929851274
2010,999,-55.549061430178064
2011,983,45.73295166371043
2012,734,59.81087423484685
2013,999,-53.71002238997368
2014,999,-52.16279586564278
2015,999,-53.88799761330336
2016,999,-52.438041751005684
2017,999,-54.27598334934709
2018,999,-57.15877217547177
2019,999,-52.27892992807507
2020,999,-52.19292674273305
2021,999,-51.29277550407826
2022,999,-53.09811115959969
2023,999,-50.80886212545232
2024,737,58.32196289418379
2025,999,-54.76971012888123
2026,999,-54.081762628386805
2027,999,-52.54420601758526
2028,716,59.78318648684527
2029,999,-51.28241235076644
2030,999,-49.18495664152415
2031,999,-51.993776559370254
2032,999,-54.22035300848396
2033,999,-55.319182908327676
2034,999,-50.45273386887439
2035,999,-49.98877043106415
2036,999,-52.27738199256936
2037,897,49.611634230280394
2038,999,-51.11644210038251
2039,999,-52.53617601239988
2040,999,-51.164718230482926
2041,917,50.374330576613644
2042,999,-53.1835984299355
2043,999,-54.404202580760824
2044,999,-50.86356973107863
2045,999,-55.742513256367
2046,999,-52.068287461869765
2047,899,51.56926749623483
2048,439,77.30188463806452
2049,999,-50.44459651517424
2050,999,-51.67411828737649
2051,999,-52.80149773781464
2052,999,-50.96275773078238
2053,789,56.932287901859056
2054,999,-52.50441416190053
2055,999,-51.90382160819744
2056,999,-49.610685284456316
2057,999,-52.33473929049363
2058,999,-54.14739001331357
2059,999,-51.53514907667645
2060,999,-51.950792878924844
2061,999,-54.33101027578976
2062,999,-52.08264964709401
2063,751,60.61467326818472
2064,999,-50.961166078932834
2065,999,-52.60396116909407
2066,999,-54.03541819324756
2067,999,-54.0182417658324
2068,999,-51.713782894068736
2069,611,68.57348965122279
2070,836,55.995533042431454
2071,999,-49.37838311898644
2072,999,-51.21188188465931
2073,999,-54.513627804117014
2074,999,-50.56384574919766
2075,999,-52.29721588315248
2076,999,-52.7333303421875
2077,999,-52.63283911019925
2078,999,-53.353921155904516
2079,999,-55.9188236677578
2080,554,68.90158475351382
2081,999,-52.13262264157592
2082,999,-53.03527717241342
2083,999,-52.390927090269685
2084,999,-52.32463520060438
2085,999,-50.03268165794012
2086,999,-50.6618304505654
2087,999,-52.43496872590719
2088,999,-51.29666943551309
2089,999,-51.89208660704092
2090,999,-50.323562526502755
2091,999,-54.99196385661509
2092,999,-52.202369649501385
2093,999,-52.0513586623758
2094,999,-52.2046492654431
2095,999,-54.13827149767894
2096,999,-50.97766043799686
2097,999,-51.58595585125634
2098,999,-55.25815188409771
2099,999,-50.818929132402644
2100,999,-51.641572273455175
2101,999,-54.53484815577074
2102,999,-53.469872224860914
2103,999,-52.57274356197376
2104,994,45.38748285875244
2105,999,46.651931842361066
2106,999,-54.15904184789694
2107,999,-50.316861861540055
2108,999,-52.99006371496373
2109,658,65.47707474404726
2110,634,66.3720654678086
2111,999,-50.43320336237903
2112,999,-51.63894943794092
2113,999,-50.4505435823168
2114,999,-52.59769815226624
2115,999,-53.517081103429014
2116,999,-51.5603663380521
2117,908,48.98434531543181
2118,999,-52.8890284848286
2119,999,-51.974930468108084
2120,999,-51.73231946119992
2121,999,-52.32542561937224
2122,999,-54.1190097073329
2123,999,-53.023346979063014
2124,999,-53.45209071060985
2125,999,-53.99133612129202
2126,999,-52.38383643732248
2127,999,-51.622200946403005
2128,999,-50.53103846024853
2129,999,-54.81334342962007
2130,999,-50.85720949154665
2131,999,-54.12254975895771
2132,999,-53.7240602984716
2133,999,-52.44332229921186
2134,999,-50.64844216642793
2135,999,-53.646099124081516
2136,999,-53.47991295961563
2137,999,-51.23109515546065
2138,999,-56.30417013639486
2139,999,-54.12109573265275
2140,999,-53.280803726306274
2141,999,-52.66075154229887
2142,999,-51.23956786561675
2143,999,-52.647286119795886
2144,999,-50.99483433943441
2145,357,80.65467119564478
2146,999,-54.20087513616181
2147,999,-52.73131119031285
2148,999,-51.42128556996129
2149,999,-53.94540153550666
2150,952,50.388392335523015
2151,999,-53.645938210628074
2152,999,-52.57754171593111
2153,999,-54.47292969519828
2154,999,-48.65595390469445
2155,999,-51.565767027139735
2156,719,61.15510915541999
2157,999,-50.352162382048476
2158,999,-53.90949401172341
2159,771,57.791312260234044
2160,999,-52.56047530293159
2161,999,-51.91719122622616
2162,902,51.419178000565196
2163,999,-53.30370066711866
2164,910,51.87610642090964
2165,999,-52.072582559400196
2166,999,-52.73971953055518
2167,999,-51.89607569364568
2168,605,70.10277868847433
2169,999,-50.61808715394715
2170,999,-51.20966761897972
2171,999,-48.18744708845528
2172,999,-52.92350697057481
2173,874,52.44411614755259
2174,999,-51.403256924952316
2175,999,-53.44024887734716
2176,999,-52.99466069667819
2177,999,-52.94030708023856
2178,999,-52.59285730238063
2179,999,-53.31323710788054
2180,999,-51.04491244391037
2181,999,-51.22398166630574
2182,999,-52.38050179990624
2183,999,-51.551282262495434
2184,999,-51.967124043593756
2185,999,-52.76502794832874
2186,999,-53.438633013004285
2187,999,-52.20578354119894
2188,999,-53.17796249455917
2189,999,-54.4582429955339
2190,999,-53.01100543010508
2191,502,71.95202005192415
2192,999,-53.28704657869609
2193,999,-51.58301379347866
2194,999,-53.311428031733676
2195,856,54.59352145241738
2196,999,-50.82329649157812
2197,999,-51.97284762051545
2198,999,-54.07617054389306
2199,999,-53.36503554953158
2200,999,-52.264430259077656
2201,999,-53.631565481631505
2202,999,-49.686209364212964
2203,999,-53.09698615553479
2204,999,-53.565417406938145
2205,999,-51.72935915890985
2206,999,-52.39066709075389
2207,999,-53.148752986754936
2208,999,-56.52746550424728
2209,999,-53.781358792240454
2210,999,-51.78244423672985
2211,999,-52.883628403014995
2212,999,-50.266059744108894
2213,999,-52.94103904911502
2214,999,-51.26522193481415
2215,999,-52.83093430480112
2216,999,-52.01226830317271
2217,999,-55.136693038036604
2218,999,-51.010066310457724
2219,999,-51.67662211168805
2220,999,-50.499250469773955
2221,999,-53.26033127514123
2222,999,-54.25326179130763
2223,999,-50.24629104304709
2224,999,-51.87668029080092
2225,999,-56.38949082257637
2226,953,49.011154628623736
2227,999,-51.204817265980516
2228,999,-51.28454037659414
2229,999,-53.27740285816337
2230,999,-52.89832099013225
2231,999,-52.40061867347009
2232,999,-53.35175865832452
2233,999,-53.00742178536161
2234,999,-56.763917160945184
2235,999,-55.90829343579167
2236,999,-54.27950879643376
2237,589,69.74258958411967
2238,999,-54.677913797604305
2239,999,-51.42319977724819
2240,999,-52.413844505872355
2241,999,-51.44583935099944
2242,999,-53.58316076496263
2243,999,-51.74025913289654
2244,999,-49.75198777943493
2245,999,-51.93754977089713
2246,999,-53.85012861953273
2247,999,-53.00297698004885
2248,999,-52.5941554009947
2249,794,57.96968714238568
2250,999,-53.244739910450754
2251,999,-55.244454078936045
2252,999,-51.63655748160898
2253,999,-50.104629256374366
2254,999,-53.62936080158064
2255,999,-52.381496865979024
2256,999,-49.67522634646995
2257,999,-50.88447761332291
2258,999,-54.36967127673675
2259,999,-52.67689131421222
2260,999,-50.68209456748058
2261,999,-54.543713116772196
2262,646,62.92527724812797
2263,999,-51.52937484756516
2264,999,-51.29930029920581
2265,999,-53.67074251108771
2266,436,76.58915582953139
2267,999,-53.04234748977068
2268,999,-53.07595602222221
2269,999,-51.61593334002265
2270,999,-50.631151761963395
2271,895,51.28750506166477
2272,999,-53.9006847354159
2273,999,-52.72852528758403
2274,368,80.89670562061421
2275,999,-54.28461297864988
2276,999,-53.43289789135174
2277,999,-50.86439072139021
2278,999,-51.5167401495256
2279,999,-54.36490088567911
2280,999,-52.24885624107236
2281,999,-51.26362834911731
2282,695,62.889628855149006
2283,999,-52.455454221846466
2284,999,-55.08269581886973
2285,999,-54.30387813423464
2286,999,-53.863216388138966
2287,999,-54.130105078339774
2288,999,-52.93879891666401
2289,999,-51.06997833962773
2290,999,-54.25213556278818
2291,999,-51.511092268573165
2292,999,-53.51818946997133
2293,999,-53.2596625357318
2294,999,-53.929138496376005
2295,844,54.441355361885336
2296,999,-52.75596634256393
2297,999,-50.65554435918489
2298,999,-51.79609061190365
2299,804,56.474040835265455
2300,483,73.02766684677448
2301,999,-54.94391159508795
2302,999,-52.10851045449614
2303,999,-51.801652354941716
2304,999,-52.665111785330474
2305,999,-53.753815861660826
2306,884,52.03656867959026
2307,999,-51.61615578800376
2308,901,52.7746487465402
2309,999,-53.79828401735917
2310,999,-54.04657781615907
2311,999,-53.75404421594449
2312,999,-52.09736198128285
2313,999,-51.399344188168655
2314,999,-53.49547808350632
2315,999,-53.73970317784748
2316,999,-52.66852979104238
2317,999,-54.41823883078168
2318,999,-52.57634749365824
2319,999,-52.31969616813683
2320,999,-54.02195058002413
2321,999,-50.660629281138476
2322,999,-53.85480691613257
2323,999,-53.10646303351978
2324,999,-50.76531015211252
2325,999,-51.44683540068784
2326,999,-52.30644444426379
2327,999,-50.45940686828106
2328,999,-54.374021967378056
2329,999,-52.52661640088638
2330,999,-52.69802138275652
2331,999,-50.00817384162702
2332,999,-52.373422709955044
2333,999,-52.095807543511995
2334,999,-49.720645510216805
2335,999,-56.71329273061203
2336,790,58.607640873884485
2337,999,-52.59699761009501
2338,630,68.96140075712827
2339,999,-51.25356869431987
2340,999,-50.24780584902636
2341,999,-53.2216551542312
2342,999,-53.95786704471245
2343,999,-53.548127427163585
2344,569,67.11315732634918
2345,999,-50.25927967828901
2346,999,-52.79946053468591
2347,999,-56.08330761192703
2348,999,-52.308421421527726
2349,999,-51.825671327291936
2350,999,-54.325195532552144
2351,894,51.946326751247675
2352,999,-55.12428264307754
2353,999,-51.66293560724066
2354,999,-52.33593647178892
2355,999,-54.19067267884982
2356,999,-52.24625362507729
2357,999,-54.17533715916033
2358,907,52.48997805926818
2359,999,-51.31220747901197
2360,999,-52.059329344700345
2361,999,-50.8672242615231
2362,758,59.33308907911651
2363,770,58.21752065053254
2364,999,-54.75262216774415
2365,999,-54.98884350586769
2366,999,-53.217494591986735
2367,999,-53.31867487658465
2368,999,-53.34796838090857
2369,999,-52.47412582507792
2370,999,-49.86265003905596
2371,999,-56.65767859352968
2372,999,-54.5901457203575
2373,999,-52.260727093745075
2374,999,-52.48269395059883
2375,999,-53.7063108014713
2376,999,-51.6149844323627
2377,971,48.61913318205615
2378,918,51.266740806348906
2379,999,-52.27125416944081
2380,999,-50.738820731621445
2381,999,-52.7803053427622
2382,999,-53.73672520015556
2383,999,-50.98109498146185
2384,688,62.233886225843406
2385,999,-51.57252894632223
2386,999,-54.018145624102296
2387,999,-53.93581150677788
2388,766,60.46310385387456
2389,999,-52.572239732937156
2390,999,-53.13509719060204
2391,999,-49.21493416800746
2392,999,-54.216073852074196
2393,999,-55.09566758068157
2394,698,64.09705550106912
2395,999,-52.85064787535367
2396,999,-51.48689995205542
2397,999,-55.30642582404107
2398,999,-53.27747654608037
2399,999,-51.78117605546692
2400,999,-52.03388111205611
2401,999,-53.84613413197745
2402,999,-52.90779907595513
2403,999,-53.89619058257805
2404,999,-53.788706658529776
2405,999,-49.551221813736554
2406,999,-51.37066095022732
2407,999,-52.077430265613934
2408,994,43.52594442249753
2409,999,-52.943146893777474
2410,999,-48.91082471548395
2411,999,-53.280618209734264
2412,999,-55.76252765564338
2413,999,-54.03786918234251
2414,999,-52.370870420709394
2415,999,-52.61083600906141
2416,999,-55.91201578666921
2417,999,-49.90635970465874
2418,999,-55.07518665284597
2419,999,-51.6891343557926
2420,618,67.56937101035044
2421,999,-53.59474477199962
2422,999,-51.34599371416316
2423,687,62.17009421358463
2424,999,-51.33036201334811
2425,999,-52.59071679105489
2426,999,-53.167306282908214
2427,999,-53.07877413919222
2428,999,-53.25311189088239
2429,999,-52.67898102209959
2430,999,-54.116666147245134
2431,999,-54.76680823825059
2432,941,47.2842380236266
2433,999,-52.71159045478087
2434,999,-52.16008352062967
2435,999,-50.98475315298407
2436,999,-53.018154777176804
2437,566,71.39488031522515
2438,999,-54.915684246299136
2439,999,-51.28418729205543
2440,999,-50.78111915784323
